sample;porosity;lambda_max;fractal_dimension
sample_0;0.80557;64;1.9480136437446434;
sample_1;0.79258;66;1.9445152772085539;
sample_2;0.78222;62;1.9404867336112412;
sample_3;0.79372;59;1.9433421451198751;
sample_4;0.80288;62;1.9468032791469956;
sample_5;0.7996;66;1.9466200223821495;
sample_6;0.81073;67;1.9500985632937469;
sample_7;0.79669;48;1.9412870492102496;
sample_8;0.78554;63;1.9417388244542482;
sample_9;0.78016;49;1.9362107617739168;
avg;0.794969;60.6;1.943911629994562